,neighborhood,current_cases,cases_per_100k,ds,ds_3_days_ago,new_cases_last_3_days,lat,long,region
0,Acton,8.0,100.36,2020-05-11,2020-05-08,0.0,34.47,-118.1967,Antelope Valley
1,Adams-Normandie,33.0,402.34,2020-05-11,2020-05-08,1.0,34.0343,-118.2993,South L.A.
2,Agoura Hills,31.0,148.45,2020-05-11,2020-05-08,0.0,34.1364,-118.7745,Santa Monica Mountains
3,Agua Dulce,3.0,72.15,2020-05-11,2020-05-08,1.0,,,
4,Alhambra,120.0,138.37,2020-05-11,2020-05-08,10.0,34.0953,-118.12700000000001,San Gabriel Valley
5,Alsace,36.0,289.27,2020-05-11,2020-05-08,3.0,33.9786,-118.4156,Westside
6,Altadena,101.0,231.55,2020-05-11,2020-05-08,15.0,34.1902,-118.1313,Verdugos
7,Anaverde,1.0,66.31,2020-05-11,2020-05-08,0.0,,,
8,Angeles National Forest,0.0,0.0,2020-05-11,2020-05-08,0.0,,,
9,Angelino Heights,11.0,439.65,2020-05-11,2020-05-08,1.0,34.0703,-118.2548,Central L.A.
10,Arcadia,58.0,93.5,2020-05-11,2020-05-08,3.0,34.1397,-118.0353,San Gabriel Valley
11,Arleta,161.0,468.43,2020-05-11,2020-05-08,14.0,34.2419,-118.4256,San Fernando Valley
12,Artesia,15.0,89.31,2020-05-11,2020-05-08,0.0,33.8658,-118.0831,Southeast
13,Athens Village,18.0,367.57,2020-05-11,2020-05-08,2.0,33.92,-118.2812,South L.A.
14,Athens-Westmont,136.0,320.44,2020-05-11,2020-05-08,10.0,33.9238,-118.3019,South L.A.
15,Atwater Village,34.0,231.83,2020-05-11,2020-05-08,0.0,34.1173,-118.2614,Northeast L.A.
16,Avalon,0.0,0.0,2020-05-11,2020-05-08,0.0,,,
17,Avocado Heights,14.0,206.64,2020-05-11,2020-05-08,0.0,34.0361,-117.9912,San Gabriel Valley
18,Azusa,135.0,205.84,2020-05-11,2020-05-08,10.0,34.1336,-117.9076,San Gabriel Valley
19,Baldwin Hills,93.0,298.8,2020-05-11,2020-05-08,8.0,34.0047,-118.3415,South L.A.
20,Baldwin Park,152.0,198.0,2020-05-11,2020-05-08,24.0,34.0853,-117.9609,San Gabriel Valley
21,Bassett,39.0,263.21,2020-05-11,2020-05-08,4.0,34.0758,-118.3678,Central L.A.
22,Bel Air,31.0,367.78,2020-05-11,2020-05-08,0.0,34.0833,-118.4487,Westside
23,Bell,154.0,423.87,2020-05-11,2020-05-08,8.0,33.9761,-118.1851,Southeast
24,Bell Gardens,136.0,315.76,2020-05-11,2020-05-08,7.0,33.9653,-118.1515,Southeast
25,Bellflower,182.0,234.13,2020-05-11,2020-05-08,11.0,33.88221,-118.118,Southeast
26,Beverly Crest,35.0,279.44,2020-05-11,2020-05-08,2.0,34.1024,-118.4163,Westside
27,Beverly Hills,119.0,344.73,2020-05-11,2020-05-08,3.0,34.0736,-118.4004,Westside
28,Beverlywood,34.0,258.1,2020-05-11,2020-05-08,1.0,34.0409,-118.3919,Westside
29,Bouquet Canyon,0.0,0.0,2020-05-11,2020-05-08,0.0,,,
30,Boyle Heights,325.0,374.06,2020-05-11,2020-05-08,39.0,34.0339,-118.2054,Eastside
31,Bradbury,2.0,187.09,2020-05-11,2020-05-08,1.0,,,
32,Brentwood,69.0,222.9,2020-05-11,2020-05-08,1.0,34.0519,-118.4731,Westside
33,Brookside,0.0,0.0,2020-05-11,2020-05-08,0.0,,,
34,Burbank,304.0,283.64,2020-05-11,2020-05-08,13.0,34.1808,-118.309,San Fernando Valley
35,Cadillac-Corning,22.0,308.95,2020-05-11,2020-05-08,1.0,34.040282,-118.38025,Central L.A.
36,Calabasas,47.0,193.23,2020-05-11,2020-05-08,0.0,34.1383,-118.6608,Santa Monica Mountains
37,Canoga Park,378.0,578.96,2020-05-11,2020-05-08,13.0,34.2011,-118.5981,San Fernando Valley
38,Canyon Country,28.0,362.32,2020-05-11,2020-05-08,0.0,34.4245,-118.4711,Northwest County
39,Carson,302.0,321.8,2020-05-11,2020-05-08,17.0,33.8374,-118.2559,Harbor
40,Carthay,69.0,480.4,2020-05-11,2020-05-08,2.0,34.0573,-118.3679,Central L.A.
41,Castaic,172.0,632.56,2020-05-11,2020-05-08,9.0,34.4889,-118.6229,Northwest County
42,Central,187.0,479.59,2020-05-11,2020-05-08,13.0,34.0833,-118.4487,Westside
43,Century City,32.0,250.16,2020-05-11,2020-05-08,2.0,34.0556,-118.4179,Westside
44,Century Palms/Cove,129.0,382.04,2020-05-11,2020-05-08,9.0,33.9461,-118.2732,South L.A.
45,Cerritos,69.0,137.82,2020-05-11,2020-05-08,5.0,33.8584,-118.0648,Southeast
46,Charter Oak,0.0,0.0,2020-05-11,2020-05-08,0.0,,,
47,Chatsworth,122.0,329.19,2020-05-11,2020-05-08,6.0,34.2506,-118.6148,San Fernando Valley
48,Cheviot Hills,18.0,196.27,2020-05-11,2020-05-08,0.0,34.0458,-118.4079,Westside
49,Chinatown,10.0,124.67,2020-05-11,2020-05-08,0.0,34.0623,-118.2383,Central L.A.
50,Claremont,29.0,79.49,2020-05-11,2020-05-08,1.0,34.1261,-117.7158,Pomona Valley
51,Cloverdale/Cochran,45.0,309.21,2020-05-11,2020-05-08,1.0,34.0626,-118.3465,Central L.A.
52,Commerce,19.0,145.38,2020-05-11,2020-05-08,4.0,34.0006,-118.1598,Southeast
53,Compton,287.0,287.28,2020-05-11,2020-05-08,21.0,33.8958,-118.2201,Southeast
54,Country Club Park,77.0,508.15,2020-05-11,2020-05-08,1.0,34.0503,-118.3212,Central L.A.
55,Covina,145.0,220.26,2020-05-11,2020-05-08,8.0,34.09,-117.8903,San Gabriel Valley
56,Covina (Charter Oak),23.0,174.98,2020-05-11,2020-05-08,1.0,34.0994,-117.8464,San Gabriel Valley
57,Crenshaw District,58.0,419.41,2020-05-11,2020-05-08,3.0,34.0158,-118.3453,South L.A.
58,Crestview,75.0,659.75,2020-05-11,2020-05-08,5.0,34.0458,-118.3816,Westside
59,Cudahy,98.0,402.51,2020-05-11,2020-05-08,2.0,33.9609,-118.1858,Southeast
60,Culver City,118.0,296.0,2020-05-11,2020-05-08,25.0,34.0211,-118.3965,Westside
61,Del Aire,10.0,227.63,2020-05-11,2020-05-08,0.0,33.9161,-118.3695,South Bay
62,Del Rey,58.0,193.75,2020-05-11,2020-05-08,0.0,33.9878,-118.4229,Westside
63,Del Sur,2.0,82.82,2020-05-11,2020-05-08,0.0,,,
64,Desert View Highlands,4.0,160.45,2020-05-11,2020-05-08,0.0,,,
65,Diamond Bar,44.0,76.5,2020-05-11,2020-05-08,3.0,34.0286,-117.8103,San Gabriel Valley
66,Downey,294.0,257.3,2020-05-11,2020-05-08,23.0,33.9451,-118.1281,Southeast
67,Downtown,88.0,319.92,2020-05-11,2020-05-08,4.0,34.0422,-118.2488,Central L.A.
68,Duarte,95.0,386.08,2020-05-11,2020-05-08,1.0,34.1607,-117.9504,San Gabriel Valley
69,Eagle Rock,122.0,308.17,2020-05-11,2020-05-08,14.0,34.1322,-118.2117,Northeast L.A.
70,East Covina,0.0,0.0,2020-05-11,2020-05-08,0.0,,,
71,East Hollywood,164.0,559.98,2020-05-11,2020-05-08,2.0,34.0948,-118.291,Central L.A.
72,East La Mirada,9.0,170.07,2020-05-11,2020-05-08,0.0,,,
73,East Lancaster,0.0,0.0,2020-05-11,2020-05-08,0.0,,,
74,East Los Angeles,480.0,383.18,2020-05-11,2020-05-08,26.0,34.0316,-118.1724,Eastside
75,East Pasadena,0.0,0.0,2020-05-11,2020-05-08,0.0,,,
76,East Rancho Dominguez,26.0,169.85,2020-05-11,2020-05-08,0.0,33.898070000000004,-118.19535,Southeast
77,East Whittier,5.0,94.23,2020-05-11,2020-05-08,1.0,,,
78,Echo Park,29.0,203.42,2020-05-11,2020-05-08,2.0,34.0782,-118.2606,Central L.A.
79,El Camino Village,14.0,159.25,2020-05-11,2020-05-08,2.0,33.8895,-118.3309,South Bay
80,El Monte,240.0,204.66,2020-05-11,2020-05-08,24.0,34.0733,-118.0275,San Gabriel Valley
81,El Segundo,30.0,178.72,2020-05-11,2020-05-08,0.0,33.9192,-118.4165,South Bay
82,El Sereno,124.0,296.59,2020-05-11,2020-05-08,9.0,34.0875,-118.1715,Eastside
83,Elizabeth Lake,1.0,60.2,2020-05-11,2020-05-08,0.0,,,
84,Elysian Park,11.0,192.58,2020-05-11,2020-05-08,0.0,34.0838,-118.2366,Central L.A.
85,Elysian Valley,29.0,285.12,2020-05-11,2020-05-08,3.0,34.0967,-118.2427,Central L.A.
86,Encino,101.0,223.59,2020-05-11,2020-05-08,4.0,34.1517,-118.5214,San Fernando Valley
87,Exposition,5.0,150.33,2020-05-11,2020-05-08,0.0,,,
88,Exposition Park,167.0,371.8,2020-05-11,2020-05-08,10.0,34.0147,-118.2872,South L.A.
89,Faircrest Heights,4.0,111.11,2020-05-11,2020-05-08,0.0,,,
90,Figueroa Park Square,24.0,275.2,2020-05-11,2020-05-08,1.0,33.9602,-118.28399999999999,South L.A.
91,Florence-Firestone,497.0,472.92,2020-05-11,2020-05-08,32.0,33.9632,-118.2426,South L.A.
92,Franklin Canyon,0.0,0.0,2020-05-11,2020-05-08,0.0,,,
93,Gardena,185.0,301.75,2020-05-11,2020-05-08,8.0,33.8938,-118.30799999999999,South Bay
94,Glassell Park,139.0,439.82,2020-05-11,2020-05-08,8.0,34.1161,-118.229,Northeast L.A.
95,Glendale,738.0,357.4,2020-05-11,2020-05-08,41.0,34.1425,-118.2551,Verdugos
96,Glendora,73.0,303.03,2020-05-11,2020-05-08,7.0,34.1361,-117.8653,San Gabriel Valley
97,Gramercy Place,41.0,380.9,2020-05-11,2020-05-08,1.0,34.0468,-118.3127,Central L.A.
98,Granada Hills,172.0,295.58,2020-05-11,2020-05-08,23.0,34.2794,-118.5022,San Fernando Valley
99,Green Meadows,91.0,423.16,2020-05-11,2020-05-08,4.0,33.9556,-118.2694,South L.A.
100,Hacienda Heights,70.0,125.17,2020-05-11,2020-05-08,6.0,33.9931,-117.9687,San Gabriel Valley
101,Hancock Park,71.0,416.69,2020-05-11,2020-05-08,1.0,34.0745,-118.3304,Central L.A.
102,Harbor City,57.0,196.08,2020-05-11,2020-05-08,0.0,33.79,-118.2978,Harbor
103,Harbor Gateway,84.0,192.66,2020-05-11,2020-05-08,3.0,33.8501,-118.2991,Harbor
104,Harbor Pines,5.0,207.56,2020-05-11,2020-05-08,3.0,,,
105,Harvard Heights,84.0,465.76,2020-05-11,2020-05-08,11.0,34.044000000000004,-118.3042,Central L.A.
106,Harvard Park,178.0,469.22,2020-05-11,2020-05-08,8.0,33.9841,-118.3042,South L.A.
107,Hawaiian Gardens,12.0,81.77,2020-05-11,2020-05-08,1.0,33.8314,-118.0728,Harbor
108,Hawthorne,260.0,288.33,2020-05-11,2020-05-08,16.0,33.9194,-118.354,South Bay
109,Hermosa Beach,25.0,127.1,2020-05-11,2020-05-08,0.0,33.8621,-118.4,South Bay
110,Hi Vista,0.0,0.0,2020-05-11,2020-05-08,0.0,,,
111,Hidden Hills,1.0,52.91,2020-05-11,2020-05-08,1.0,,,
112,Highland Park,110.0,227.31,2020-05-11,2020-05-08,2.0,34.1145,-118.1842,Northeast L.A.
113,Historic Filipinotown,83.0,598.41,2020-05-11,2020-05-08,4.0,34.0703,-118.26799999999999,Central L.A.
114,Hollywood,214.0,313.53,2020-05-11,2020-05-08,2.0,34.1016,-118.3337,Central L.A.
115,Hollywood Hills,71.0,241.22,2020-05-11,2020-05-08,3.0,34.1341,-118.3215,Central L.A.
116,Huntington Park,206.0,346.31,2020-05-11,2020-05-08,10.0,33.9849,-118.2278,Southeast
117,Hyde Park,95.0,332.85,2020-05-11,2020-05-08,6.0,33.9819,-118.3309,South L.A.
118,Industry,10.0,2288.33,2020-05-11,2020-05-08,3.0,,,
119,Inglewood,420.0,369.78,2020-05-11,2020-05-08,7.0,33.961,-118.3554,South Bay
120,Irwindale,3.0,205.62,2020-05-11,2020-05-08,1.0,,,
121,Jefferson Park,24.0,297.29,2020-05-11,2020-05-08,1.0,34.0272,-118.3176,South L.A.
122,Kagel/Lopez Canyons,2.0,141.64,2020-05-11,2020-05-08,1.0,,,
123,Koreatown,184.0,355.95,2020-05-11,2020-05-08,14.0,34.0578,-118.3009,Central L.A.
124,La Canada Flintridge,43.0,207.8,2020-05-11,2020-05-08,2.0,34.2091,-118.2001,Verdugos
125,La Crescenta-Montrose,18.0,90.9,2020-05-11,2020-05-08,1.0,34.2288,-118.2351,Verdugos
126,La Habra Heights,4.0,73.33,2020-05-11,2020-05-08,0.0,,,
127,La Mirada,76.0,153.23,2020-05-11,2020-05-08,1.0,33.919000000000004,-118.0105,Southeast
128,La Puente,54.0,132.69,2020-05-11,2020-05-08,4.0,34.02,-117.9495,San Gabriel Valley
129,La Rambla,6.0,289.16,2020-05-11,2020-05-08,0.0,33.744119,-118.301353,Harbor
130,La Verne,24.0,98.04,2020-05-11,2020-05-08,4.0,34.1202,-117.7704,Pomona Valley
131,Ladera Heights,17.0,240.42,2020-05-11,2020-05-08,0.0,33.9878,-118.3704,Westside
132,Lafayette Square,14.0,307.08,2020-05-11,2020-05-08,0.0,34.0431,-118.3319,Central L.A.
133,Lake Balboa,137.0,324.6,2020-05-11,2020-05-08,9.0,34.1839,-118.4954,San Fernando Valley
134,Lake Hughes,0.0,0.0,2020-05-11,2020-05-08,0.0,,,
135,Lake Los Angeles,25.0,192.4,2020-05-11,2020-05-08,0.0,34.6125,-117.8281,Antelope Valley
136,Lake Manor,3.0,182.59,2020-05-11,2020-05-08,0.0,,,
137,Lakeview Terrace,72.0,548.24,2020-05-11,2020-05-08,4.0,34.2764,-118.3612,San Fernando Valley
138,Lakewood,104.0,129.41,2020-05-11,2020-05-08,5.0,33.8536,-118.134,Harbor
139,Lancaster,420.0,259.95,2020-05-11,2020-05-08,26.0,34.6868,-118.1542,Antelope Valley
140,Lawndale,81.0,240.97,2020-05-11,2020-05-08,6.0,33.8881,-118.3535,South Bay
141,Leimert Park,41.0,269.12,2020-05-11,2020-05-08,2.0,34.0118,-118.3234,South L.A.
142,Lennox,70.0,310.53,2020-05-11,2020-05-08,7.0,33.9397,-118.3529,South Bay
143,Leona Valley,1.0,57.11,2020-05-11,2020-05-08,0.0,,,
144,Lincoln Heights,155.0,475.5,2020-05-11,2020-05-08,5.0,34.0706,-118.2051,Eastside
145,Little Armenia,158.0,1968.85,2020-05-11,2020-05-08,6.0,34.0981,-118.3005,Central L.A.
146,Little Bangladesh,90.0,317.54,2020-05-11,2020-05-08,1.0,34.0691,-118.2956,Central L.A.
147,Little Tokyo,9.0,287.26,2020-05-11,2020-05-08,1.0,34.0523,-118.2395,Central L.A.
148,Littlerock,11.0,273.56,2020-05-11,2020-05-08,0.0,,,
149,Littlerock/Juniper Hills,1.0,77.1,2020-05-11,2020-05-08,0.0,,,
150,Littlerock/Pearblossom,10.0,280.19,2020-05-11,2020-05-08,3.0,34.5211,-117.9837,Antelope Valley
151,Llano,1.0,114.03,2020-05-11,2020-05-08,0.0,,,
152,Lomita,41.0,197.79,2020-05-11,2020-05-08,1.0,33.7922,-118.3151,South Bay
153,Longwood,18.0,418.22,2020-05-11,2020-05-08,2.0,34.055296000000006,-118.33941499999999,Central L.A.
154,Los Feliz,38.0,175.86,2020-05-11,2020-05-08,2.0,34.1124,-118.2851,Central L.A.
155,Lynwood,276.0,383.08,2020-05-11,2020-05-08,21.0,33.9293,-118.2139,Southeast
156,Malibu,32.0,246.89,2020-05-11,2020-05-08,1.0,34.0259,-118.7798,Santa Monica Mountains
157,Manchester Square,17.0,199.16,2020-05-11,2020-05-08,1.0,33.8993,-118.2977,South Bay
158,Mandeville Canyon,1.0,32.01,2020-05-11,2020-05-08,0.0,,,
159,Manhattan Beach,69.0,191.67,2020-05-11,2020-05-08,1.0,33.8812,-118.4072,South Bay
160,Mar Vista,64.0,150.69,2020-05-11,2020-05-08,2.0,34.0037,-118.469,Westside
161,Marina Peninsula,9.0,206.42,2020-05-11,2020-05-08,0.0,33.9797,-118.4657,Westside
162,Marina del Rey,13.0,138.14,2020-05-11,2020-05-08,2.0,33.9803,-118.4517,Westside
163,Maywood,90.0,320.87,2020-05-11,2020-05-08,7.0,33.9885,-118.1874,Southeast
164,Melrose,412.0,530.27,2020-05-11,2020-05-08,7.0,34.0837,-118.3366,Central L.A.
165,Mid-city,43.0,286.09,2020-05-11,2020-05-08,0.0,34.0429,-118.3344,Central L.A.
166,Miracle Mile,37.0,205.73,2020-05-11,2020-05-08,0.0,34.0597,-118.35,Central L.A.
167,Mission Hills,97.0,402.09,2020-05-11,2020-05-08,7.0,34.2723,-118.4689,San Fernando Valley
168,Monrovia,104.0,334.97,2020-05-11,2020-05-08,16.0,34.1481,-117.999,San Gabriel Valley
169,Montebello,215.0,333.98,2020-05-11,2020-05-08,11.0,34.0095,-118.1054,Southeast
170,Monterey Park,108.0,173.46,2020-05-11,2020-05-08,10.0,34.0625,-118.1228,San Gabriel Valley
171,Mt. Washington,65.0,269.21,2020-05-11,2020-05-08,6.0,34.1003,-118.2097,Northeast L.A.
172,Newhall,0.0,0.0,2020-05-11,2020-05-08,0.0,,,
173,North Hills,263.0,427.12,2020-05-11,2020-05-08,31.0,34.2362,-118.4851,San Fernando Valley
174,North Hollywood,489.0,322.94,2020-05-11,2020-05-08,26.0,34.187,-118.3813,San Fernando Valley
175,North Lancaster,4.0,333.89,2020-05-11,2020-05-08,1.0,,,
176,North Whittier,6.0,71.77,2020-05-11,2020-05-08,0.0,34.0396,-117.9991,San Gabriel Valley
177,Northeast San Gabriel,24.0,99.85,2020-05-11,2020-05-08,3.0,34.0961,-118.1058,San Gabriel Valley
178,Northridge,216.0,309.47,2020-05-11,2020-05-08,8.0,34.2379,-118.5302,San Fernando Valley
179,Norwalk,250.0,232.29,2020-05-11,2020-05-08,14.0,33.9022,-118.0817,Southeast
180,Pacific Palisades,39.0,183.18,2020-05-11,2020-05-08,0.0,34.0481,-118.5265,Westside
181,Pacoima,432.0,561.19,2020-05-11,2020-05-08,35.0,34.2625,-118.427,San Fernando Valley
182,Palisades Highlands,3.0,78.0,2020-05-11,2020-05-08,0.0,,,
183,Palmdale,508.0,475.06,2020-05-11,2020-05-08,13.0,34.5794,-118.1093,Antelope Valley
184,Palms,155.0,353.26,2020-05-11,2020-05-08,0.0,34.0237,-118.4151,Westside
185,Palos Verdes Estates,40.0,295.81,2020-05-11,2020-05-08,0.0,33.7871,-118.3976,South Bay
186,Palos Verdes Peninsula,0.0,0.0,2020-05-11,2020-05-08,0.0,,,
187,Panorama City,449.0,596.68,2020-05-11,2020-05-08,46.0,34.2247,-118.4498,San Fernando Valley
188,Paramount,178.0,317.73,2020-05-11,2020-05-08,7.0,33.8895,-118.1598,Southeast
189,Park La Brea,13.0,95.73,2020-05-11,2020-05-08,0.0,34.0702,-118.3497,Central L.A.
190,Pearblossom/Llano,2.0,102.25,2020-05-11,2020-05-08,0.0,,,
191,Pellissier Village,0.0,0.0,2020-05-11,2020-05-08,0.0,,,
192,Pico Rivera,263.0,409.12,2020-05-11,2020-05-08,14.0,33.9831,-118.0967,Southeast
193,Pico-Union,362.0,865.16,2020-05-11,2020-05-08,26.0,34.0446,-118.277,Central L.A.
194,Placerita Canyon,0.0,0.0,2020-05-11,2020-05-08,0.0,,,
195,Playa Del Rey,1.0,31.29,2020-05-11,2020-05-08,0.0,,,
196,Playa Vista,20.0,182.7,2020-05-11,2020-05-08,0.0,33.9728,-118.4276,Westside
197,Pomona,266.0,169.95,2020-05-11,2020-05-08,26.0,34.0551,-117.75,Pomona Valley
198,Porter Ranch,65.0,182.65,2020-05-11,2020-05-08,1.0,39.4346,-121.0205,
199,Quartz Hill,29.0,224.7,2020-05-11,2020-05-08,0.0,34.6453,-118.2181,Antelope Valley
200,Rancho Dominguez,12.0,450.96,2020-05-11,2020-05-08,0.0,33.8508,-118.2249,Harbor
201,Rancho Palos Verdes,75.0,175.45,2020-05-11,2020-05-08,0.0,33.7445,-118.387,South Bay
202,Rancho Park,12.0,182.93,2020-05-11,2020-05-08,0.0,34.0454,-118.4207,Westside
203,Redondo Beach,120.0,174.68,2020-05-11,2020-05-08,3.0,33.8492,-118.3884,South Bay
204,Regent Square,3.0,107.91,2020-05-11,2020-05-08,0.0,,,
205,Reseda,327.0,426.8,2020-05-11,2020-05-08,29.0,34.2011,-118.536,San Fernando Valley
206,Reseda Ranch,23.0,496.12,2020-05-11,2020-05-08,0.0,34.216,-118.5356,San Fernando Valley
207,Reynier Village,9.0,212.87,2020-05-11,2020-05-08,0.0,34.0368,-118.3856,Central L.A.
208,Rolling Hills,2.0,103.09,2020-05-11,2020-05-08,0.0,,,
209,Rolling Hills Estates,13.0,160.24,2020-05-11,2020-05-08,0.0,33.7878,-118.3581,South Bay
210,Roosevelt,0.0,0.0,2020-05-11,2020-05-08,0.0,,,
211,Rosemead,55.0,99.37,2020-05-11,2020-05-08,5.0,34.0806,-118.0728,San Gabriel Valley
212,Rosewood,5.0,388.8,2020-05-11,2020-05-08,0.0,,,
213,Rosewood/East Gardena,0.0,0.0,2020-05-11,2020-05-08,0.0,,,
214,Rosewood/West Rancho Dominguez,11.0,327.28,2020-05-11,2020-05-08,0.0,34.0057,-118.4304,Westside
215,Rowland Heights,70.0,137.2,2020-05-11,2020-05-08,3.0,33.9761,-117.9053,San Gabriel Valley
216,San Clemente Island,0.0,0.0,2020-05-11,2020-05-08,0.0,,,
217,San Dimas,35.0,101.4,2020-05-11,2020-05-08,4.0,34.1067,-117.8067,San Gabriel Valley
218,San Fernando,132.0,536.32,2020-05-11,2020-05-08,7.0,34.2819,-118.439,San Fernando Valley
219,San Francisquito Canyon/Bouquet Canyon,0.0,0.0,2020-05-11,2020-05-08,0.0,,,
220,San Gabriel,54.0,131.86,2020-05-11,2020-05-08,10.0,34.0968,-118.1057,San Gabriel Valley
221,San Jose Hills,30.0,148.36,2020-05-11,2020-05-08,2.0,34.0592,-117.8426,San Gabriel Valley
222,San Marino,15.0,112.98,2020-05-11,2020-05-08,3.0,34.1214,-118.1065,San Gabriel Valley
223,San Pasqual,0.0,0.0,2020-05-11,2020-05-08,0.0,,,
224,San Pedro,734.0,940.57,2020-05-11,2020-05-08,100.0,33.7361,-118.2922,Harbor
225,Sand Canyon,0.0,0.0,2020-05-11,2020-05-08,0.0,,,
226,Santa Catalina Island,2.0,749.06,2020-05-11,2020-05-08,0.0,,,
227,Santa Clarita,496.0,225.02,2020-05-11,2020-05-08,33.0,34.3917,-118.5426,Northwest County
228,Santa Fe Springs,31.0,168.81,2020-05-11,2020-05-08,0.0,33.9472,-118.0853,Southeast
229,Santa Monica,209.0,226.08,2020-05-11,2020-05-08,3.0,34.0242,-118.4965,Westside
230,Santa Monica Mountains,19.0,102.04,2020-05-11,2020-05-08,0.0,34.1203,-118.9318,
231,Saugus,4.0,2580.65,2020-05-11,2020-05-08,0.0,,,
232,Saugus/Canyon Country,0.0,0.0,2020-05-11,2020-05-08,0.0,,,
233,Shadow Hills,9.0,202.61,2020-05-11,2020-05-08,0.0,34.2575,-118.355,San Fernando Valley
234,Sherman Oaks,180.0,206.29,2020-05-11,2020-05-08,17.0,34.15,-118.4489,San Fernando Valley
235,Sierra Madre,6.0,54.6,2020-05-11,2020-05-08,1.0,34.1617,-118.0528,San Gabriel Valley
236,Signal Hill,9.0,76.29,2020-05-11,2020-05-08,0.0,33.8045,-118.1678,Harbor
237,Silverlake,138.0,313.05,2020-05-11,2020-05-08,6.0,34.0869,-118.2702,Central L.A.
238,South Antelope Valley,0.0,0.0,2020-05-11,2020-05-08,0.0,,,
239,South Carthay,25.0,235.96,2020-05-11,2020-05-08,0.0,34.0561,-118.3734,Central L.A.
240,South El Monte,45.0,205.89,2020-05-11,2020-05-08,5.0,34.0493,-118.0469,San Gabriel Valley
241,South Gate,314.0,319.9,2020-05-11,2020-05-08,10.0,33.955999999999996,-118.2113,Southeast
242,South Park,173.0,455.73,2020-05-11,2020-05-08,19.0,34.0418,-118.2639,Central L.A.
243,South Pasadena,100.0,383.83,2020-05-11,2020-05-08,1.0,34.1165,-118.1468,San Gabriel Valley
244,South San Gabriel,20.0,226.04,2020-05-11,2020-05-08,6.0,34.0492,-118.0949,San Gabriel Valley
245,South Whittier,84.0,141.84,2020-05-11,2020-05-08,3.0,33.9608,-118.0417,San Gabriel Valley
246,Southeast Antelope Valley,0.0,0.0,2020-05-11,2020-05-08,0.0,,,
247,St Elmo Village,27.0,589.01,2020-05-11,2020-05-08,3.0,34.0431,-118.34299999999999,Central L.A.
248,Stevenson Ranch,23.0,109.7,2020-05-11,2020-05-08,2.0,34.3873,-118.5802,Northwest County
249,Studio City,59.0,262.92,2020-05-11,2020-05-08,2.0,34.1413,-118.3878,San Fernando Valley
250,Sun Valley,193.0,367.74,2020-05-11,2020-05-08,9.0,34.2274,-118.3811,San Fernando Valley
251,Sun Village,7.0,115.97,2020-05-11,2020-05-08,0.0,,,
252,Sunland,111.0,543.9,2020-05-11,2020-05-08,3.0,34.266,-118.3114,Verdugos
253,Sunrise Village,1.0,77.16,2020-05-11,2020-05-08,0.0,,,
254,Sycamore Square,1.0,154.56,2020-05-11,2020-05-08,0.0,,,
255,Sylmar,498.0,604.38,2020-05-11,2020-05-08,32.0,34.3058,-118.4572,San Fernando Valley
256,Tarzana,92.0,297.97,2020-05-11,2020-05-08,5.0,34.1509,-118.5517,San Fernando Valley
257,Temple City,84.0,230.42,2020-05-11,2020-05-08,19.0,34.1072,-118.0579,San Gabriel Valley
258,Temple-Beaudry,202.0,511.63,2020-05-11,2020-05-08,6.0,34.0629,-118.2513,Central L.A.
259,Thai Town,20.0,203.89,2020-05-11,2020-05-08,1.0,34.1018,-118.3036,Central L.A.
260,Toluca Lake,13.0,149.36,2020-05-11,2020-05-08,0.0,34.1502,-118.355,San Fernando Valley
261,Toluca Terrace,3.0,229.71,2020-05-11,2020-05-08,1.0,,,
262,Toluca Woods,3.0,161.46,2020-05-11,2020-05-08,0.0,,,
263,Torrance,315.0,211.03,2020-05-11,2020-05-08,4.0,33.8408,-118.3454,South Bay
264,Tujunga,90.0,323.62,2020-05-11,2020-05-08,2.0,34.2633,-118.3027,Verdugos
265,Twin Lakes/Oat Mountain,4.0,241.25,2020-05-11,2020-05-08,0.0,,,
266,University Hills,8.0,233.3,2020-05-11,2020-05-08,1.0,,,
267,University Park,108.0,393.36,2020-05-11,2020-05-08,5.0,34.0315,-118.2797,South L.A.
268,Val Verde,4.0,120.88,2020-05-11,2020-05-08,0.0,,,
269,Valencia,6.0,195.31,2020-05-11,2020-05-08,1.0,,,
270,Valinda,35.0,149.76,2020-05-11,2020-05-08,0.0,34.0433,-117.9331,San Gabriel Valley
271,Valley Glen,100.0,333.16,2020-05-11,2020-05-08,3.0,34.1838,-118.4172,San Fernando Valley
272,Valley Village,170.0,687.7,2020-05-11,2020-05-08,18.0,34.1633,-118.3842,San Fernando Valley
273,Van Nuys,452.0,485.01,2020-05-11,2020-05-08,23.0,34.1899,-118.4514,San Fernando Valley
274,Venice,55.0,162.31,2020-05-11,2020-05-08,3.0,33.9764,-118.4667,
275,Vermont Knolls,77.0,447.67,2020-05-11,2020-05-08,4.0,33.9293,-118.2893,South L.A.
276,Vermont Square,62.0,809.72,2020-05-11,2020-05-08,1.0,34.0037,-118.3002,South L.A.
277,Vermont Vista,177.0,429.76,2020-05-11,2020-05-08,11.0,33.9465,-118.2826,South L.A.
278,Vernon,1.0,478.47,2020-05-11,2020-05-08,0.0,,,
279,Vernon Central,318.0,611.56,2020-05-11,2020-05-08,30.0,34.0043,-118.257,South L.A.
280,Victoria Park,43.0,511.97,2020-05-11,2020-05-08,3.0,34.047,-118.3319,Central L.A.
281,View Heights,8.0,216.57,2020-05-11,2020-05-08,1.0,33.9844,-118.3477,South L.A.
282,View Park/Windsor Hills,28.0,240.65,2020-05-11,2020-05-08,0.0,33.9943,-118.3447,South L.A.
283,Walnut,27.0,88.43,2020-05-11,2020-05-08,2.0,34.0203,-117.8653,San Gabriel Valley
284,Walnut Park,57.0,353.09,2020-05-11,2020-05-08,1.0,33.9689,-118.2224,Southeast
285,Watts,143.0,335.1,2020-05-11,2020-05-08,8.0,33.9386,-118.238,South L.A.
286,Wellington Square,16.0,325.53,2020-05-11,2020-05-08,0.0,34.0392,-118.3343,Central L.A.
287,West Adams,149.0,539.27,2020-05-11,2020-05-08,7.0,34.0342,-118.3623,Central L.A.
288,West Antelope Valley,2.0,132.36,2020-05-11,2020-05-08,0.0,,,
289,West Carson,76.0,344.11,2020-05-11,2020-05-08,2.0,33.8206,-118.2934,Harbor
290,West Chatsworth,0.0,0.0,2020-05-11,2020-05-08,0.0,,,
291,West Covina,175.0,161.69,2020-05-11,2020-05-08,11.0,34.0686,-117.939,San Gabriel Valley
292,West Hills,76.0,187.45,2020-05-11,2020-05-08,2.0,34.1973,-118.64399999999999,San Fernando Valley
293,West Hollywood,147.0,397.82,2020-05-11,2020-05-08,3.0,34.0907,-118.38600000000001,Central L.A.
294,West LA,22.0,2310.92,2020-05-11,2020-05-08,1.0,,,
295,West Los Angeles,64.0,170.05,2020-05-11,2020-05-08,3.0,34.0399,-118.4422,Westside
296,West Puente Valley,27.0,274.53,2020-05-11,2020-05-08,3.0,34.0561,-117.9685,San Gabriel Valley
297,West Rancho Dominguez,3.0,220.75,2020-05-11,2020-05-08,0.0,,,
298,West Vernon,275.0,512.64,2020-05-11,2020-05-08,20.0,34.0039,-118.2301,Southeast
299,West Whittier/Los Nietos,55.0,204.27,2020-05-11,2020-05-08,4.0,33.976,-118.0691,Southeast
300,Westchester,79.0,153.09,2020-05-11,2020-05-08,3.0,33.9597,-118.4006,South Bay
301,Westfield/Academy Hills,0.0,0.0,2020-05-11,2020-05-08,0.0,,,
302,Westhills,0.0,0.0,2020-05-11,2020-05-08,0.0,,,
303,Westlake,382.0,643.59,2020-05-11,2020-05-08,44.0,34.1458,-118.8056,Santa Monica Mountains
304,Westlake Village,6.0,71.77,2020-05-11,2020-05-08,0.0,34.1466,-118.8074,Santa Monica Mountains
305,Westwood,58.0,107.19,2020-05-11,2020-05-08,2.0,34.0561,-118.4297,Westside
306,White Fence Farms,2.0,54.3,2020-05-11,2020-05-08,0.0,,,
307,Whittier,181.0,200.16,2020-05-11,2020-05-08,12.0,33.9679,-118.0189,San Gabriel Valley
308,Whittier Narrows,0.0,0.0,2020-05-11,2020-05-08,0.0,,,
309,Wholesale District,245.0,678.13,2020-05-11,2020-05-08,31.0,34.03,-118.2452,Central L.A.
310,Willowbrook,85.0,243.46,2020-05-11,2020-05-08,11.0,33.917,-118.2551,South L.A.
311,Wilmington,131.0,231.91,2020-05-11,2020-05-08,9.0,33.78,-118.2617,Harbor
312,Wilshire Center,153.0,304.96,2020-05-11,2020-05-08,8.0,34.0642,-118.2984,Central L.A.
313,Winnetka,210.0,405.52,2020-05-11,2020-05-08,11.0,34.2059,-118.5754,San Fernando Valley
314,Wiseburn,9.0,149.33,2020-05-11,2020-05-08,0.0,,,
315,Woodland Hills,131.0,192.49,2020-05-11,2020-05-08,3.0,34.1659,-118.6104,San Fernando Valley
13397,Long Beach,948.0,,2020-05-11,2020-05-08,73.0,33.7701,-118.1937,Harbor
13398,Pasadena,551.0,,2020-05-11,2020-05-08,35.0,34.1561,-118.1319,Verdugos
